stage,step,train_samples_seen,epochs_equivalent,elapsed_s,split,rows,games,rootmean_mse,rootmean_game_equal_mse,rootmean_rows,z_mse,z_game_equal_mse,z_rows,target_mse,target_game_equal_mse,constant_mse,constant_game_equal_mse,z_sign_rows,z_sign_accuracy,saturation_fraction
24,0,0,0.0,2.0891828440362588,train,1217,24,0.6864857821404899,0.724145722026281,1217,1.0169566943002806,1.016876797384796,1217,0.6864857821404899,0.724145722026281,0.6707939900608516,0.7083309766184844,1217,0.4971240755957272,0.0
24,0,0,0.0,2.0891828440362588,validation,1248,24,0.6774470608305835,0.690175573860047,1248,1.0142154467499664,1.014144988236812,1248,0.6774470608305835,0.690175573860047,0.66597296978927,0.6787529221914738,1248,0.4951923076923077,0.0
24,100,12800,10.517666392769105,2.250697796989698,train,1217,24,0.03719592046043215,0.030145714622339493,1217,0.3034526187910208,0.24308393519034677,1217,0.03719592046043215,0.030145714622339493,0.6707939900608516,0.7083309766184844,1217,0.8841413311421529,0.33032046014790467
24,100,12800,10.517666392769105,2.250697796989698,validation,1248,24,1.0067175056894802,0.9876476275423441,1248,1.3670577911305162,1.3482864330810715,1248,1.0067175056894802,0.9876476275423441,0.66597296978927,0.6787529221914738,1248,0.46794871794871795,0.10576923076923077
24,200,25600,21.03533278553821,2.3745272280066274,train,1217,24,0.010113843566980888,0.00848830952348773,1217,0.3365196774614432,0.26623531930812133,1217,0.010113843566980888,0.00848830952348773,0.6707939900608516,0.7083309766184844,1217,0.8734593262119967,0.4938373048479869
24,200,25600,21.03533278553821,2.3745272280066274,validation,1248,24,1.1380456886979577,1.1182808908289994,1248,1.520407671565824,1.5049689540097717,1248,1.1380456886979577,1.1182808908289994,0.66597296978927,0.6787529221914738,1248,0.4511217948717949,0.18108974358974358
24,300,38400,31.552999178307314,2.50645887904102,train,1217,24,0.0055492268625990816,0.0047174758032776124,1217,0.3502869849757727,0.27724872840407655,1217,0.0055492268625990816,0.0047174758032776124,0.6707939900608516,0.7083309766184844,1217,0.8726376335250616,0.5299917830731307
24,300,38400,31.552999178307314,2.50645887904102,validation,1248,24,1.1619825048975112,1.1393296122726224,1248,1.5630776646621811,1.5448443703350272,1248,1.1619825048975112,1.1393296122726224,0.66597296978927,0.6787529221914738,1248,0.44711538461538464,0.20592948717948717
24,400,51200,42.07066557107642,2.6354542709887028,train,1217,24,0.003203323037453732,0.0027749950836008876,1217,0.35643044920325884,0.2813435959418407,1217,0.003203323037453732,0.0027749950836008876,0.6707939900608516,0.7083309766184844,1217,0.8726376335250616,0.5299917830731307
24,400,51200,42.07066557107642,2.6354542709887028,validation,1248,24,1.159158323173325,1.1317527326250902,1248,1.5671674234840993,1.5422231494631717,1248,1.159158323173325,1.1317527326250902,0.66597296978927,0.6787529221914738,1248,0.452724358974359,0.2091346153846154
24,500,64000,52.58833196384552,2.7776463580084965,train,1217,24,0.0022309951625915647,0.0019153787375776278,1217,0.36190279916316426,0.2863199675095614,1217,0.0022309951625915647,0.0019153787375776278,0.6707939900608516,0.7083309766184844,1217,0.8701725554642563,0.5308134757600658
24,500,64000,52.58833196384552,2.7776463580084965,validation,1248,24,1.1578042267109594,1.124693521350053,1248,1.570546837614825,1.537697817712206,1248,1.1578042267109594,1.124693521350053,0.66597296978927,0.6787529221914738,1248,0.4543269230769231,0.21474358974358973
24,600,76800,63.10599835661463,2.9322572760283947,train,1217,24,0.0018639563435472045,0.0015549936496299592,1217,0.36374360760603197,0.2859148522322758,1217,0.0018639563435472045,0.0015549936496299592,0.6707939900608516,0.7083309766184844,1217,0.866885784716516,0.5324568611339359
24,600,76800,63.10599835661463,2.9322572760283947,validation,1248,24,1.1523416980392942,1.1175240002362894,1248,1.5681432209518393,1.5332044394659146,1248,1.1523416980392942,1.1175240002362894,0.66597296978927,0.6787529221914738,1248,0.45753205128205127,0.21314102564102563
24,700,89600,73.62366474938374,3.072180165036116,train,1217,24,0.0012510548714713384,0.0010841203948440948,1217,0.36156882454573647,0.28495762981456824,1217,0.0012510548714713384,0.0010841203948440948,0.6707939900608516,0.7083309766184844,1217,0.8677074774034511,0.5275267050123253
24,700,89600,73.62366474938374,3.072180165036116,validation,1248,24,1.1442960502599768,1.1081712351503596,1248,1.5638915201157704,1.525824045857511,1248,1.1442960502599768,1.1081712351503596,0.66597296978927,0.6787529221914738,1248,0.4599358974358974,0.20592948717948717
24,800,102400,84.14133114215284,3.2135199870099314,train,1217,24,0.0010671549559395474,0.0009085315773785704,1217,0.35508217583039225,0.28165371909546927,1217,0.0010671549559395474,0.0009085315773785704,0.6707939900608516,0.7083309766184844,1217,0.8734593262119967,0.5299917830731307
24,800,102400,84.14133114215284,3.2135199870099314,validation,1248,24,1.1314730579927375,1.0933712863105491,1248,1.5527812364732179,1.5118020239083834,1248,1.1314730579927375,1.0933712863105491,0.66597296978927,0.6787529221914738,1248,0.46153846153846156,0.20432692307692307
24,900,115200,94.65899753492194,3.338511876994744,train,1217,24,0.0008529634350623657,0.0007562030066147317,1217,0.36278570084134265,0.2876073632844011,1217,0.0008529634350623657,0.0007562030066147317,0.6707939900608516,0.7083309766184844,1217,0.866885784716516,0.5258833196384552
24,900,115200,94.65899753492194,3.338511876994744,validation,1248,24,1.1296329065930049,1.0920347832743962,1248,1.5561942145253047,1.514885043000808,1248,1.1296329065930049,1.0920347832743962,0.66597296978927,0.6787529221914738,1248,0.46474358974358976,0.20512820512820512
24,1000,128000,105.17666392769104,3.4543047270271927,train,1217,24,0.0007027779694746631,0.0006031102611388698,1217,0.35717873324869315,0.28303806320192837,1217,0.0007027779694746631,0.0006031102611388698,0.6707939900608516,0.7083309766184844,1217,0.8693508627773213,0.5291700903861956
24,1000,128000,105.17666392769104,3.4543047270271927,validation,1248,24,1.1250829510376916,1.0869070315354032,1248,1.5536600621321182,1.511507273104917,1248,1.1250829510376916,1.0869070315354032,0.66597296978927,0.6787529221914738,1248,0.4655448717948718,0.21153846153846154
24,1100,140800,115.69433032046015,3.57312188699143,train,1217,24,0.0008644732056986523,0.0007146365316308564,1217,0.35559993200019946,0.2815932728216008,1217,0.0008644732056986523,0.0007146365316308564,0.6707939900608516,0.7083309766184844,1217,0.876746096959737,0.5291700903861956
24,1100,140800,115.69433032046015,3.57312188699143,validation,1248,24,1.1273550282491636,1.0868826116476034,1248,1.5580094340799397,1.5130361225773872,1248,1.1273550282491636,1.0868826116476034,0.66597296978927,0.6787529221914738,1248,0.46474358974358976,0.21394230769230768
24,1200,153600,126.21199671322925,3.6902405630098656,train,1217,24,0.00046952355020264225,0.0004194962297478862,1217,0.35885441088228304,0.28337185796988873,1217,0.00046952355020264225,0.0004194962297478862,0.6707939900608516,0.7083309766184844,1217,0.8742810188989318,0.5299917830731307
24,1200,153600,126.21199671322925,3.6902405630098656,validation,1248,24,1.119153425166419,1.078821866672271,1248,1.5508934884691241,1.5052602957497194,1248,1.119153425166419,1.078821866672271,0.66597296978927,0.6787529221914738,1248,0.46794871794871795,0.2155448717948718
24,1300,166400,136.72966310599836,3.8069709520204924,train,1217,24,0.0004795679816237617,0.00040839365363926614,1217,0.3607096338170892,0.2841112293370146,1217,0.0004795679816237617,0.00040839365363926614,0.6707939900608516,0.7083309766184844,1217,0.866885784716516,0.5324568611339359
24,1300,166400,136.72966310599836,3.8069709520204924,validation,1248,24,1.1220599273758822,1.0811034212547612,1248,1.55638425541252,1.5099127434994495,1248,1.1220599273758822,1.0811034212547612,0.66597296978927,0.6787529221914738,1248,0.46875,0.2219551282051282
24,1400,179200,147.24732949876747,3.9404778860043734,train,1217,24,0.0005306258222897187,0.0004368424448622581,1217,0.35295490002607416,0.27972919326883666,1217,0.0005306258222897187,0.0004368424448622581,0.6707939900608516,0.7083309766184844,1217,0.8742810188989318,0.5316351684470009
24,1400,179200,147.24732949876747,3.9404778860043734,validation,1248,24,1.1235440487827637,1.081196168115898,1248,1.5575526716203523,1.5097545133690098,1248,1.1235440487827637,1.081196168115898,0.66597296978927,0.6787529221914738,1248,0.46875,0.22756410256410256
24,1500,192000,157.76499589153656,4.056172924989369,train,1217,24,0.0004319440878340636,0.0003719988988103646,1217,0.3619821187980909,0.28626253575552746,1217,0.0004319440878340636,0.0003719988988103646,0.6707939900608516,0.7083309766184844,1217,0.8709942481511914,0.5299917830731307
24,1500,192000,157.76499589153656,4.056172924989369,validation,1248,24,1.1176211129219333,1.0753608800945484,1248,1.5525046014346795,1.504332293739987,1248,1.1176211129219333,1.0753608800945484,0.66597296978927,0.6787529221914738,1248,0.47115384615384615,0.22115384615384615
24,1600,204800,168.28266228430567,4.170869703986682,train,1217,24,0.0005562137656749515,0.00043341496696723265,1217,0.3672767444698546,0.28872621124713727,1217,0.0005562137656749515,0.00043341496696723265,0.6707939900608516,0.7083309766184844,1217,0.866885784716516,0.5349219391947412
24,1600,204800,168.28266228430567,4.170869703986682,validation,1248,24,1.1184139048382051,1.0766826671698455,1248,1.554172138777428,1.5064768477748611,1248,1.1184139048382051,1.0766826671698455,0.66597296978927,0.6787529221914738,1248,0.46875,0.23477564102564102
24,1700,217600,178.8003286770748,4.282791922043543,train,1217,24,0.00028687763718460575,0.0002470142683410594,1217,0.3571336916360705,0.282505502730434,1217,0.00028687763718460575,0.0002470142683410594,0.6707939900608516,0.7083309766184844,1217,0.876746096959737,0.5316351684470009
24,1700,217600,178.8003286770748,4.282791922043543,validation,1248,24,1.1198141701002835,1.0772580775598302,1248,1.554429397096605,1.5064898745986037,1248,1.1198141701002835,1.0772580775598302,0.66597296978927,0.6787529221914738,1248,0.4671474358974359,0.2419871794871795
24,1800,230400,189.31799506984387,4.400163951038849,train,1217,24,0.0003750962917616941,0.0003145467894333399,1217,0.3640379786036051,0.28776319160935304,1217,0.0003750962917616941,0.0003145467894333399,0.6707939900608516,0.7083309766184844,1217,0.8660640920295809,0.5283483976992605
24,1800,230400,189.31799506984387,4.400163951038849,validation,1248,24,1.117392660172968,1.0748696671736948,1248,1.5562891373993897,1.5074320461985353,1248,1.117392660172968,1.0748696671736948,0.66597296978927,0.6787529221914738,1248,0.46474358974358976,0.23637820512820512
24,1900,243200,199.835661462613,4.516018849040847,train,1217,24,0.0008291087322085197,0.0006708387502635814,1217,0.3563677267067639,0.28126334194288677,1217,0.0008291087322085197,0.0006708387502635814,0.6707939900608516,0.7083309766184844,1217,0.8693508627773213,0.5184880854560394
24,1900,243200,199.835661462613,4.516018849040847,validation,1248,24,1.1124001242177262,1.0695863011329454,1248,1.5500839567282307,1.5010606774166397,1248,1.1124001242177262,1.0695863011329454,0.66597296978927,0.6787529221914738,1248,0.47115384615384615,0.23557692307692307
24,2000,256000,210.35332785538208,4.637867639015894,train,1217,24,0.0007992459470635089,0.0006523988697355142,1217,0.36082581704424144,0.28646142044564193,1217,0.0007992459470635089,0.0006523988697355142,0.6707939900608516,0.7083309766184844,1217,0.8709942481511914,0.5267050123253904
24,2000,256000,210.35332785538208,4.637867639015894,validation,1248,24,1.1037045861044295,1.0613261173232325,1248,1.5361795907784503,1.4880291042196168,1248,1.1037045861044295,1.0613261173232325,0.66597296978927,0.6787529221914738,1248,0.4751602564102564,0.22435897435897437
48,0,0,0.0,1.5053656590171158,train,2345,48,0.7000391722498425,0.7341056006872849,2345,1.01462754703991,1.0147638663124126,2345,0.7000391722498425,0.7341056006872849,0.6866491687200301,0.7204118511179352,2345,0.49594882729211087,0.0
48,0,0,0.0,1.5053656590171158,validation,1248,24,0.677447060821703,0.6901755738516154,1248,1.0142154467175035,1.0141449882113773,1248,0.677447060821703,0.6901755738516154,0.6660091569462417,0.6787840104347538,1248,0.4951923076923077,0.0
48,100,12800,5.458422174840085,1.658987596980296,train,2345,48,0.056884123554455206,0.04677020663553443,2345,0.32605049069159003,0.27499848077435507,2345,0.056884123554455206,0.04677020663553443,0.6866491687200301,0.7204118511179352,2345,0.8925373134328358,0.3087420042643923
48,100,12800,5.458422174840085,1.658987596980296,validation,1248,24,0.9540925985181088,0.9606627211588786,1248,1.2872601377430957,1.3085556597070909,1248,0.9540925985181088,0.9606627211588786,0.6660091569462417,0.6787840104347538,1248,0.5392628205128205,0.16666666666666666
48,200,25600,10.91684434968017,1.7805082069826312,train,2345,48,0.01920095882234095,0.01609376544194618,2345,0.3492464767322557,0.287586584950246,2345,0.01920095882234095,0.01609376544194618,0.6866491687200301,0.7204118511179352,2345,0.8754797441364606,0.4541577825159915
48,200,25600,10.91684434968017,1.7805082069826312,validation,1248,24,1.0043004628605827,1.0166136626440336,1248,1.346737837964117,1.3815015166692846,1248,1.0043004628605827,1.0166136626440336,0.6660091569462417,0.6787840104347538,1248,0.5272435897435898,0.2267628205128205
48,300,38400,16.375266524520256,1.9030173039645888,train,2345,48,0.0105832391964694,0.008997992009991875,2345,0.3695471185675284,0.30237449331084015,2345,0.0105832391964694,0.008997992009991875,0.6866491687200301,0.7204118511179352,2345,0.8673773987206823,0.5074626865671642
48,300,38400,16.375266524520256,1.9030173039645888,validation,1248,24,1.0385934013932392,1.0496367151275094,1248,1.4073709196089514,1.437860120928906,1248,1.0385934013932392,1.0496367151275094,0.6660091569462417,0.6787840104347538,1248,0.4895833333333333,0.2403846153846154
48,400,51200,21.83368869936034,2.0285182200022973,train,2345,48,0.006942788210632042,0.006003029770977878,2345,0.375009327029646,0.3074203444182258,2345,0.006942788210632042,0.006003029770977878,0.6866491687200301,0.7204118511179352,2345,0.868230277185501,0.5176972281449893
48,400,51200,21.83368869936034,2.0285182200022973,validation,1248,24,1.056525473025411,1.0691863834407818,1248,1.4387474910571274,1.4676963082978773,1248,1.056525473025411,1.0691863834407818,0.6660091569462417,0.6787840104347538,1248,0.47596153846153844,0.23798076923076922
48,500,64000,27.292110874200425,2.152545515971724,train,2345,48,0.004964783761532279,0.004308730374620655,2345,0.37518341382830994,0.3070122539564712,2345,0.004964783761532279,0.004308730374620655,0.6866491687200301,0.7204118511179352,2345,0.8678038379530917,0.5232409381663113
48,500,64000,27.292110874200425,2.152545515971724,validation,1248,24,1.0706241386055804,1.0866330531804895,1248,1.4701207692921405,1.499669846800238,1248,1.0706241386055804,1.0866330531804895,0.6660091569462417,0.6787840104347538,1248,0.46634615384615385,0.24118589743589744
48,600,76800,32.75053304904051,2.287999296968337,train,2345,48,0.003913414032501779,0.003381786292008176,2345,0.3779475848110228,0.3088452405964696,2345,0.003913414032501779,0.003381786292008176,0.6866491687200301,0.7204118511179352,2345,0.8678038379530917,0.5381663113006396
48,600,76800,32.75053304904051,2.287999296968337,validation,1248,24,1.0868564861339376,1.096331672621161,1248,1.4896159969139693,1.510768068082264,1248,1.0868564861339376,1.096331672621161,0.6660091569462417,0.6787840104347538,1248,0.46474358974358976,0.2483974358974359
48,700,89600,38.208955223880594,2.410838737967424,train,2345,48,0.003251514456358761,0.0027454039644303906,2345,0.3844141272768644,0.31257843333295215,2345,0.003251514456358761,0.0027454039644303906,0.6866491687200301,0.7204118511179352,2345,0.8635394456289979,0.531769722814499
48,700,89600,38.208955223880594,2.410838737967424,validation,1248,24,1.0740409132504094,1.082469453386188,1248,1.4800328462575403,1.4991070559383781,1248,1.0740409132504094,1.082469453386188,0.6660091569462417,0.6787840104347538,1248,0.45913461538461536,0.24519230769230768
48,800,102400,43.66737739872068,2.5400916769867763,train,2345,48,0.002654890951989986,0.0022386983898539533,2345,0.3758524750433636,0.3066395887104809,2345,0.002654890951989986,0.0022386983898539533,0.6866491687200301,0.7204118511179352,2345,0.8695095948827292,0.538592750533049
48,800,102400,43.66737739872068,2.5400916769867763,validation,1248,24,1.078116535635522,1.0862636475719711,1248,1.4868761019844634,1.5051097317104396,1248,1.078116535635522,1.0862636475719711,0.6660091569462417,0.6787840104347538,1248,0.45753205128205127,0.24759615384615385
48,900,115200,49.12579957356077,2.6639219360076822,train,2345,48,0.0028420913853131812,0.002238502569654535,2345,0.3697036600013961,0.3037263306114712,2345,0.0028420913853131812,0.002238502569654535,0.6866491687200301,0.7204118511179352,2345,0.870362473347548,0.540724946695096
48,900,115200,49.12579957356077,2.6639219360076822,validation,1248,24,1.0955032032032168,1.1030196990863756,1248,1.5114493618138394,1.5285423106304146,1248,1.0955032032032168,1.1030196990863756,0.6660091569462417,0.6787840104347538,1248,0.45032051282051283,0.2532051282051282
48,1000,128000,54.58422174840085,2.7977567730122246,train,2345,48,0.0018038437365240573,0.0015400822521707618,2345,0.37917723745296666,0.30927746931087147,2345,0.0018038437365240573,0.0015400822521707618,0.6866491687200301,0.7204118511179352,2345,0.8635394456289979,0.540724946695096
48,1000,128000,54.58422174840085,2.7977567730122246,validation,1248,24,1.0784806920646728,1.08911766358313,1248,1.4898450458647507,1.510436133390379,1248,1.0784806920646728,1.08911766358313,0.6660091569462417,0.6787840104347538,1248,0.4567307692307692,0.25080128205128205
48,1100,140800,60.04264392324094,2.917258786968887,train,2345,48,0.0016109336191268272,0.0013723629175534729,2345,0.3796086531840048,0.3099299701834835,2345,0.0016109336191268272,0.0013723629175534729,0.6866491687200301,0.7204118511179352,2345,0.8707889125799574,0.5377398720682303
48,1100,140800,60.04264392324094,2.917258786968887,validation,1248,24,1.0735172056951776,1.0829427405757694,1248,1.4864197191625779,1.5051027558592882,1248,1.0735172056951776,1.0829427405757694,0.6660091569462417,0.6787840104347538,1248,0.4543269230769231,0.24759615384615385
48,1200,153600,65.50106609808103,3.0436884840019047,train,2345,48,0.0013173779142673636,0.0011063006002528357,2345,0.3853191523749035,0.3137568137712517,2345,0.0013173779142673636,0.0011063006002528357,0.6866491687200301,0.7204118511179352,2345,0.8643923240938166,0.5424307036247334
48,1200,153600,65.50106609808103,3.0436884840019047,validation,1248,24,1.0799910952319962,1.0909349613482353,1248,1.4958745821581512,1.51584263869594,1248,1.0799910952319962,1.0909349613482353,0.6660091569462417,0.6787840104347538,1248,0.4567307692307692,0.25
48,1300,166400,70.9594882729211,3.172509246971458,train,2345,48,0.0026630393318058535,0.0018738392104196621,2345,0.37250475459170607,0.30647017366188906,2345,0.0026630393318058535,0.0018738392104196621,0.6866491687200301,0.7204118511179352,2345,0.870362473347548,0.544136460554371
48,1300,166400,70.9594882729211,3.172509246971458,validation,1248,24,1.0789422451408301,1.0841880452285153,1248,1.4963979865275543,1.509778802438455,1248,1.0789422451408301,1.0841880452285153,0.6660091569462417,0.6787840104347538,1248,0.44871794871794873,0.2483974358974359
48,1400,179200,76.41791044776119,3.293642975972034,train,2345,48,0.001167728254922278,0.0009586593057878825,2345,0.3838321689028038,0.313328618943418,2345,0.001167728254922278,0.0009586593057878825,0.6866491687200301,0.7204118511179352,2345,0.8639658848614072,0.538592750533049
48,1400,179200,76.41791044776119,3.293642975972034,validation,1248,24,1.081197242000579,1.0866888663905094,1248,1.493625649173919,1.5074608736199355,1248,1.081197242000579,1.0866888663905094,0.6660091569462417,0.6787840104347538,1248,0.452724358974359,0.25400641025641024
48,1500,192000,81.87633262260128,3.4203673349693418,train,2345,48,0.0014202105355958783,0.00130424005445244,2345,0.38093916796633576,0.3096472253195561,2345,0.0014202105355958783,0.00130424005445244,0.6866491687200301,0.7204118511179352,2345,0.8665245202558636,0.5394456289978679
48,1500,192000,81.87633262260128,3.4203673349693418,validation,1248,24,1.0807783470680379,1.0890217869175962,1248,1.4955607013804628,1.5123007818215088,1248,1.0807783470680379,1.0890217869175962,0.6660091569462417,0.6787840104347538,1248,0.453525641025641,0.25
48,1600,204800,87.33475479744136,3.538925877015572,train,2345,48,0.0009634184496742033,0.0007957360471820199,2345,0.37935608832622636,0.3099596996437947,2345,0.0009634184496742033,0.0007957360471820199,0.6866491687200301,0.7204118511179352,2345,0.8669509594882729,0.5377398720682303
48,1600,204800,87.33475479744136,3.538925877015572,validation,1248,24,1.0753632179763182,1.0802930579301835,1248,1.49012167430845,1.5021115969499477,1248,1.0753632179763182,1.0802930579301835,0.6660091569462417,0.6787840104347538,1248,0.45592948717948717,0.2516025641025641
48,1700,217600,92.79317697228144,3.6624070790130645,train,2345,48,0.0011135115765326937,0.0009052992158302078,2345,0.3773148422031672,0.30925228963754137,2345,0.0011135115765326937,0.0009052992158302078,0.6866491687200301,0.7204118511179352,2345,0.8724946695095949,0.5424307036247334
48,1700,217600,92.79317697228144,3.6624070790130645,validation,1248,24,1.0811627964308679,1.087039590971687,1248,1.4994849339458394,1.51273225814412,1248,1.0811627964308679,1.087039590971687,0.6660091569462417,0.6787840104347538,1248,0.45032051282051283,0.2548076923076923
48,1800,230400,98.25159914712154,3.787042489973828,train,2345,48,0.0011692543715427224,0.0009900177505819856,2345,0.38353539926955804,0.3136550215954051,2345,0.0011692543715427224,0.0009900177505819856,0.6866491687200301,0.7204118511179352,2345,0.8656716417910447,0.5373134328358209
48,1800,230400,98.25159914712154,3.787042489973828,validation,1248,24,1.0483484352445205,1.0538386760536669,1248,1.4612250612963815,1.472763615282154,1248,1.0483484352445205,1.0538386760536669,0.6660091569462417,0.6787840104347538,1248,0.4623397435897436,0.2516025641025641
48,1900,243200,103.71002132196162,3.913495109998621,train,2345,48,0.0013837054234205034,0.0011880038276065688,2345,0.38776931742923,0.31721734195072604,2345,0.0013837054234205034,0.0011880038276065688,0.6866491687200301,0.7204118511179352,2345,0.8618336886993604,0.5368869936034115
48,1900,243200,103.71002132196162,3.913495109998621,validation,1248,24,1.051748968213521,1.0569616063841425,1248,1.4631607672115632,1.4746844146467595,1248,1.051748968213521,1.0569616063841425,0.6660091569462417,0.6787840104347538,1248,0.4599358974358974,0.24519230769230768
48,2000,256000,109.1684434968017,4.0380034989793785,train,2345,48,0.000868519101848422,0.0007272363882810598,2345,0.3839395630445956,0.3132570936308649,2345,0.000868519101848422,0.0007272363882810598,0.6866491687200301,0.7204118511179352,2345,0.8656716417910447,0.5398720682302772
48,2000,256000,109.1684434968017,4.0380034989793785,validation,1248,24,1.0534863880988339,1.0621040205938377,1248,1.4657973693064446,1.4817101155141315,1248,1.0534863880988339,1.0621040205938377,0.6660091569462417,0.6787840104347538,1248,0.4623397435897436,0.24439102564102563
96,0,0,0.0,1.6795090250088833,train,4653,96,0.7196290941275504,0.737418315062487,4653,1.0136100653900926,1.01370187340846,4653,0.7196290941275504,0.737418315062487,0.7067226409913643,0.7243203910588959,4653,0.4951644100580271,0.0
96,0,0,0.0,1.6795090250088833,validation,1248,24,0.6774470608359806,0.6901755738627967,1248,1.0142154467524023,1.0141449882364257,1248,0.6774470608359806,0.6901755738627967,0.6660051545754645,0.6787804677332444,1248,0.4951923076923077,0.0
96,100,12800,2.7509133892112616,1.9014350970392115,train,4653,96,0.11044716075977185,0.10135161315270268,4653,0.32235228614716005,0.30117874429339503,4653,0.11044716075977185,0.10135161315270268,0.7067226409913643,0.7243203910588959,4653,0.902213625617881,0.13754566946056307
96,100,12800,2.7509133892112616,1.9014350970392115,validation,1248,24,0.9869696636551978,1.006805151442156,1248,1.3771149103470184,1.3993503235592497,1248,0.9869696636551978,1.006805151442156,0.6660051545754645,0.6787804677332444,1248,0.5088141025641025,0.1233974358974359
96,200,25600,5.501826778422523,2.0420797420083545,train,4653,96,0.03439140398757646,0.030859068849989568,4653,0.27501166579445374,0.2512658258936349,4653,0.03439140398757646,0.030859068849989568,0.7067226409913643,0.7243203910588959,4653,0.9060820975714593,0.375886524822695
96,200,25600,5.501826778422523,2.0420797420083545,validation,1248,24,1.0138740441225935,1.04993632197856,1248,1.3991875391546158,1.4414728068192895,1248,1.0138740441225935,1.04993632197856,0.6660051545754645,0.6787804677332444,1248,0.5328525641025641,0.25
96,300,38400,8.252740167633785,2.185964222997427,train,4653,96,0.01775106997598263,0.015673710110877686,4653,0.29175431085357667,0.26471944058427244,4653,0.01775106997598263,0.015673710110877686,0.7067226409913643,0.7243203910588959,4653,0.89404685149366,0.4766817107242639
96,300,38400,8.252740167633785,2.185964222997427,validation,1248,24,0.9860613849251968,1.0381931869481484,1248,1.379387744653997,1.4363996153505658,1248,0.9860613849251968,1.0381931869481484,0.6660051545754645,0.6787804677332444,1248,0.5552884615384616,0.265224358974359
96,400,51200,11.003653556845046,2.3342263890081085,train,4653,96,0.011206675496118463,0.010014408584871815,4653,0.29304510436768627,0.26637702733152474,4653,0.011206675496118463,0.010014408584871815,0.7067226409913643,0.7243203910588959,4653,0.8951214270363207,0.5155813453685794
96,400,51200,11.003653556845046,2.3342263890081085,validation,1248,24,0.9918415764701829,1.0374466698803413,1248,1.3813399313809134,1.431982193238518,1248,0.9918415764701829,1.0374466698803413,0.6660051545754645,0.6787804677332444,1248,0.5568910256410257,0.2932692307692308
96,500,64000,13.754566946056308,2.4971938399830833,train,4653,96,0.007722665746670633,0.006976827010852473,4653,0.29210956583853764,0.2646147995916463,4653,0.007722665746670633,0.006976827010852473,0.7067226409913643,0.7243203910588959,4653,0.898989898989899,0.5458843756716097
96,500,64000,13.754566946056308,2.4971938399830833,validation,1248,24,0.9930325660731467,1.0461466654299476,1248,1.38291420934847,1.4419193987425574,1248,0.9930325660731467,1.0461466654299476,0.6660051545754645,0.6787804677332444,1248,0.5657051282051282,0.327724358974359
96,600,76800,16.50548033526757,2.675485157989897,train,4653,96,0.006101982684844723,0.005535949237442335,4653,0.3021135800260275,0.2736692748654897,4653,0.006101982684844723,0.005535949237442335,0.7067226409913643,0.7243203910588959,4653,0.8985600687728348,0.5577047066408769
96,600,76800,16.50548033526757,2.675485157989897,validation,1248,24,0.9840086609952963,1.0342632851250984,1248,1.37563182494625,1.4309348901615937,1248,0.9840086609952963,1.0342632851250984,0.6660051545754645,0.6787804677332444,1248,0.5592948717948718,0.3269230769230769
96,700,89600,19.25639372447883,2.843454243033193,train,4653,96,0.004887514753306193,0.004400539155649772,4653,0.30215983770941257,0.27407516916990154,4653,0.004887514753306193,0.004400539155649772,0.7067226409913643,0.7243203910588959,4653,0.8981302385557705,0.5574897915323447
96,700,89600,19.25639372447883,2.843454243033193,validation,1248,24,0.9861060754432035,1.0286754338664414,1248,1.3758331390185536,1.422465799221272,1248,0.9861060754432035,1.0286754338664414,0.6660051545754645,0.6787804677332444,1248,0.5568910256410257,0.31490384615384615
96,800,102400,22.007307113690093,3.026234265009407,train,4653,96,0.004331835605918297,0.003953776077557991,4653,0.30238677669059183,0.2746679801262733,4653,0.004331835605918297,0.003953776077557991,0.7067226409913643,0.7243203910588959,4653,0.8977004083387062,0.5669460563077584
96,800,102400,22.007307113690093,3.026234265009407,validation,1248,24,0.9879617385115156,1.027010896129202,1248,1.3757537717062902,1.4184214389143666,1248,0.9879617385115156,1.027010896129202,0.6660051545754645,0.6787804677332444,1248,0.5536858974358975,0.31971153846153844
96,900,115200,24.758220502901352,3.1770702130161226,train,4653,96,0.00358010611465273,0.003240179484222548,4653,0.3084535879971875,0.27862719048543605,4653,0.00358010611465273,0.003240179484222548,0.7067226409913643,0.7243203910588959,4653,0.8944766817107243,0.5643670750053729
96,900,115200,24.758220502901352,3.1770702130161226,validation,1248,24,0.9791871713609483,1.0204627045261205,1248,1.3671738101423145,1.4122257826166633,1248,0.9791871713609483,1.0204627045261205,0.6660051545754645,0.6787804677332444,1248,0.5544871794871795,0.31009615384615385
96,1000,128000,27.509133892112615,3.3334382720058784,train,4653,96,0.003684225958576509,0.003329076309408785,4653,0.30619363280616624,0.2751702279678761,4653,0.003684225958576509,0.003329076309408785,0.7067226409913643,0.7243203910588959,4653,0.8927573608424673,0.5647969052224371
96,1000,128000,27.509133892112615,3.3334382720058784,validation,1248,24,0.968707611368017,1.0079315051738538,1248,1.3563077377621329,1.3993649597029885,1248,0.968707611368017,1.0079315051738538,0.6660051545754645,0.6787804677332444,1248,0.561698717948718,0.29246794871794873
96,1100,140800,30.260047281323878,3.4859337210073136,train,4653,96,0.0027643043266653337,0.0024893312659583374,4653,0.3060167706213255,0.2765649012627868,4653,0.0027643043266653337,0.0024893312659583374,0.7067226409913643,0.7243203910588959,4653,0.8974854932301741,0.5718891038039974
96,1100,140800,30.260047281323878,3.4859337210073136,validation,1248,24,0.9703573976066563,1.0079341594022277,1248,1.355412949534706,1.3961610850701016,1248,0.9703573976066563,1.0079341594022277,0.6660051545754645,0.6787804677332444,1248,0.5536858974358975,0.31009615384615385
96,1200,153600,33.01096067053514,3.6351342070265673,train,4653,96,0.0026674019778482813,0.002399024634530419,4653,0.3065843856517989,0.27745098111688793,4653,0.0026674019778482813,0.002399024634530419,0.7067226409913643,0.7243203910588959,4653,0.8959810874704491,0.5746830002149151
96,1200,153600,33.01096067053514,3.6351342070265673,validation,1248,24,0.9757790840137687,1.0130994197132643,1248,1.3622503625629467,1.4029792775980157,1248,0.9757790840137687,1.0130994197132643,0.6660051545754645,0.6787804677332444,1248,0.5512820512820513,0.3060897435897436
96,1300,166400,35.7618740597464,3.7739419729914516,train,4653,96,0.0022680538755870784,0.0020631981232851764,4653,0.3038351924428295,0.2761898091728797,4653,0.0022680538755870784,0.0020631981232851764,0.7067226409913643,0.7243203910588959,4653,0.8964109176875135,0.5772619815173007
96,1300,166400,35.7618740597464,3.7739419729914516,validation,1248,24,0.9765955720545909,1.0153590583002228,1248,1.3626731662409397,1.405241072959299,1248,0.9765955720545909,1.0153590583002228,0.6660051545754645,0.6787804677332444,1248,0.5528846153846154,0.3189102564102564
96,1400,179200,38.51278744895766,3.9230947089963593,train,4653,96,0.0021596812731262734,0.0019581103598589086,4653,0.29950449118329253,0.27078979706333756,4653,0.0021596812731262734,0.0019581103598589086,0.7067226409913643,0.7243203910588959,4653,0.8970556630131098,0.5789813023855577
96,1400,179200,38.51278744895766,3.9230947089963593,validation,1248,24,0.9654094470584779,1.0059481655438394,1248,1.3525616847667759,1.3977247213238826,1248,0.9654094470584779,1.0059481655438394,0.6660051545754645,0.6787804677332444,1248,0.5560897435897436,0.3141025641025641
96,1500,192000,41.26370083816892,4.061311797006056,train,4653,96,0.0038388954370083064,0.0030984776866254393,4653,0.29834814011366817,0.27103666705510326,4653,0.0038388954370083064,0.0030984776866254393,0.7067226409913643,0.7243203910588959,4653,0.8992048140984311,0.5742531699978508
96,1500,192000,41.26370083816892,4.061311797006056,validation,1248,24,0.9548279783195107,0.986998928123129,1248,1.342373887785196,1.3792195618510108,1248,0.9548279783195107,0.986998928123129,0.6660051545754645,0.6787804677332444,1248,0.5520833333333334,0.3020833333333333
96,1600,204800,44.014614227380186,4.20211192703573,train,4653,96,0.0023419631280499204,0.0020780316926156898,4653,0.3099527399179818,0.28106767246055825,4653,0.0023419631280499204,0.0020780316926156898,0.7067226409913643,0.7243203910588959,4653,0.8916827852998066,0.5714592735869332
96,1600,204800,44.014614227380186,4.20211192703573,validation,1248,24,0.9788137482359659,1.019467964703089,1248,1.3689450451682197,1.4141523951235844,1248,0.9788137482359659,1.019467964703089,0.6660051545754645,0.6787804677332444,1248,0.5472756410256411,0.30528846153846156
96,1700,217600,46.76552761659145,4.429985465016216,train,4653,96,0.002223928036659418,0.0020047378753279286,4653,0.3063533795846622,0.2772648304425419,4653,0.002223928036659418,0.0020047378753279286,0.7067226409913643,0.7243203910588959,4653,0.8970556630131098,0.5770470664087686
96,1700,217600,46.76552761659145,4.429985465016216,validation,1248,24,0.9630895576689148,1.0020544209712665,1248,1.354821157191627,1.3969057910840224,1248,0.9630895576689148,1.0020544209712665,0.6660051545754645,0.6787804677332444,1248,0.5536858974358975,0.2956730769230769
96,1800,230400,49.516441005802704,4.5809761169948615,train,4653,96,0.002200320263010224,0.00196167946710248,4653,0.3071057957899029,0.2778786042058525,4653,0.002200320263010224,0.00196167946710248,0.7067226409913643,0.7243203910588959,4653,0.8944766817107243,0.5746830002149151
96,1800,230400,49.516441005802704,4.5809761169948615,validation,1248,24,0.9691004521127096,1.003332477750722,1248,1.359432228977996,1.3975761078893718,1248,0.9691004521127096,1.003332477750722,0.6660051545754645,0.6787804677332444,1248,0.5512820512820513,0.29407051282051283
96,1900,243200,52.26735439501397,4.725405903998762,train,4653,96,0.0019564510267950012,0.001717857204107166,4653,0.3069231588051769,0.27739216023726393,4653,0.0019564510267950012,0.001717857204107166,0.7067226409913643,0.7243203910588959,4653,0.8968407479045777,0.5736084246722545
96,1900,243200,52.26735439501397,4.725405903998762,validation,1248,24,0.9644134390364806,1.0012026467558541,1248,1.3570907808310313,1.397428648540016,1248,0.9644134390364806,1.0012026467558541,0.6660051545754645,0.6787804677332444,1248,0.5528846153846154,0.2988782051282051
96,2000,256000,55.01826778422523,4.865724907023832,train,4653,96,0.001974718748095081,0.0017817044923208183,4653,0.30586987745105326,0.2773138267203226,4653,0.001974718748095081,0.0017817044923208183,0.7067226409913643,0.7243203910588959,4653,0.8946915968192564,0.5770470664087686
96,2000,256000,55.01826778422523,4.865724907023832,validation,1248,24,0.9769877072288151,1.0095803963563228,1248,1.3721122639696703,1.4087492730167763,1248,0.9769877072288151,1.0095803963563228,0.6660051545754645,0.6787804677332444,1248,0.5432692307692307,0.2956730769230769
