split,model,NN_gameMSE,NN_rowMSE,distance_gameMSE,delta_NN_minus_D,NN_z_MSE_gameweighted,z_sign_gameweighted,gain_games,loss_games
train,ridge,0.20859366150966327,0.22129626824997775,0.40594373734309525,-0.19735007583343064,0.46169052374925723,0.8355784413438735,84,12
train,standard400,0.2572832049696333,0.2684784042853156,0.40594373734309525,-0.14866053237346122,0.5096772221149913,0.846419839553703,69,27
train,distance_recalibration,0.39629507875427267,0.40567981508136786,0.40594373734309525,-0.009648658588822514,0.6748036936228476,0.7535219661766693,71,25
train,raw_linear,0.1613736709772571,0.169297339204365,0.40594373734309414,-0.24457006636583709,0.4010347526082676,0.8892410672589354,80,16
train,distance2_reference,0.396228716099301,0.40563497521792746,0.40594373734309414,-0.00971502124379318,0.6747121023561338,0.7535219661766693,71,25
validation,ridge,0.6127986849565157,0.6101873693171022,0.48514681311997865,0.12765187183653792,0.9783400131586456,0.6238190550557514,11,13
validation,standard400,0.6487715052886828,0.6412566981854548,0.48514681311997865,0.16362469216870373,1.003295824660345,0.5571193168788425,9,15
validation,distance_recalibration,0.48453975797985477,0.4903769618192165,0.48514681311997865,-0.0006070551401239905,0.824798538578448,0.7203262314712742,15,9
validation,raw_linear,0.7814494566779331,0.7527412399942112,0.48514681311997876,0.2963026435579543,1.1312154771830685,0.5782270525155133,10,14
validation,distance2_reference,0.4845259101047457,0.490369697980141,0.48514681311997876,-0.0006209030152330556,0.8247557075350942,0.7203262314712727,15,9
