condition,step,train_samples,epoch_equivalent,split,rows,games,rootmean_mse,rootmean_game_equal_mse,rootmean_rows,z_mse,z_game_equal_mse,z_rows,target_mse,target_game_equal_mse,constant_mse,constant_game_equal_mse,z_sign_rows,z_sign_accuracy,saturation_fraction
WD0,0,0,0.0,train,4653,96,0.7196290941275504,0.737418315062487,4653,1.0136100653900926,1.01370187340846,4653,0.7196290941275504,0.737418315062487,0.7067226409913643,0.7243203910588959,4653,0.4951644100580271,0.0
WD0,0,0,0.0,validation,1248,24,0.6774470608359806,0.6901755738627967,1248,1.0142154467524023,1.0141449882364257,1248,0.6774470608359806,0.6901755738627967,0.6660051545754645,0.6787804677332444,1248,0.4951923076923077,0.0
WD0,100,12800,2.7509133892112616,train,4653,96,0.11044716075977185,0.10135161315270268,4653,0.32235228614716005,0.30117874429339503,4653,0.11044716075977185,0.10135161315270268,0.7067226409913643,0.7243203910588959,4653,0.902213625617881,0.13754566946056307
WD0,100,12800,2.7509133892112616,validation,1248,24,0.9869696636551978,1.006805151442156,1248,1.3771149103470184,1.3993503235592497,1248,0.9869696636551978,1.006805151442156,0.6660051545754645,0.6787804677332444,1248,0.5088141025641025,0.1233974358974359
WD0,200,25600,5.501826778422523,train,4653,96,0.03439140398757646,0.030859068849989568,4653,0.27501166579445374,0.2512658258936349,4653,0.03439140398757646,0.030859068849989568,0.7067226409913643,0.7243203910588959,4653,0.9060820975714593,0.375886524822695
WD0,200,25600,5.501826778422523,validation,1248,24,1.0138740441225935,1.04993632197856,1248,1.3991875391546158,1.4414728068192895,1248,1.0138740441225935,1.04993632197856,0.6660051545754645,0.6787804677332444,1248,0.5328525641025641,0.25
WD0,300,38400,8.252740167633785,train,4653,96,0.01775106997598263,0.015673710110877686,4653,0.29175431085357667,0.26471944058427244,4653,0.01775106997598263,0.015673710110877686,0.7067226409913643,0.7243203910588959,4653,0.89404685149366,0.4766817107242639
WD0,300,38400,8.252740167633785,validation,1248,24,0.9860613849251968,1.0381931869481484,1248,1.379387744653997,1.4363996153505658,1248,0.9860613849251968,1.0381931869481484,0.6660051545754645,0.6787804677332444,1248,0.5552884615384616,0.265224358974359
WD0,400,51200,11.003653556845046,train,4653,96,0.011206675496118463,0.010014408584871815,4653,0.29304510436768627,0.26637702733152474,4653,0.011206675496118463,0.010014408584871815,0.7067226409913643,0.7243203910588959,4653,0.8951214270363207,0.5155813453685794
WD0,400,51200,11.003653556845046,validation,1248,24,0.9918415764701829,1.0374466698803413,1248,1.3813399313809134,1.431982193238518,1248,0.9918415764701829,1.0374466698803413,0.6660051545754645,0.6787804677332444,1248,0.5568910256410257,0.2932692307692308
WD0,500,64000,13.754566946056308,train,4653,96,0.007722665746670633,0.006976827010852473,4653,0.29210956583853764,0.2646147995916463,4653,0.007722665746670633,0.006976827010852473,0.7067226409913643,0.7243203910588959,4653,0.898989898989899,0.5458843756716097
WD0,500,64000,13.754566946056308,validation,1248,24,0.9930325660731467,1.0461466654299476,1248,1.38291420934847,1.4419193987425574,1248,0.9930325660731467,1.0461466654299476,0.6660051545754645,0.6787804677332444,1248,0.5657051282051282,0.327724358974359
WD0,600,76800,16.50548033526757,train,4653,96,0.006101982684844723,0.005535949237442335,4653,0.3021135800260275,0.2736692748654897,4653,0.006101982684844723,0.005535949237442335,0.7067226409913643,0.7243203910588959,4653,0.8985600687728348,0.5577047066408769
WD0,600,76800,16.50548033526757,validation,1248,24,0.9840086609952963,1.0342632851250984,1248,1.37563182494625,1.4309348901615937,1248,0.9840086609952963,1.0342632851250984,0.6660051545754645,0.6787804677332444,1248,0.5592948717948718,0.3269230769230769
WD0,700,89600,19.25639372447883,train,4653,96,0.004887514753306193,0.004400539155649772,4653,0.30215983770941257,0.27407516916990154,4653,0.004887514753306193,0.004400539155649772,0.7067226409913643,0.7243203910588959,4653,0.8981302385557705,0.5574897915323447
WD0,700,89600,19.25639372447883,validation,1248,24,0.9861060754432035,1.0286754338664414,1248,1.3758331390185536,1.422465799221272,1248,0.9861060754432035,1.0286754338664414,0.6660051545754645,0.6787804677332444,1248,0.5568910256410257,0.31490384615384615
WD0,800,102400,22.007307113690093,train,4653,96,0.004331835605918297,0.003953776077557991,4653,0.30238677669059183,0.2746679801262733,4653,0.004331835605918297,0.003953776077557991,0.7067226409913643,0.7243203910588959,4653,0.8977004083387062,0.5669460563077584
WD0,800,102400,22.007307113690093,validation,1248,24,0.9879617385115156,1.027010896129202,1248,1.3757537717062902,1.4184214389143666,1248,0.9879617385115156,1.027010896129202,0.6660051545754645,0.6787804677332444,1248,0.5536858974358975,0.31971153846153844
WD0,900,115200,24.758220502901352,train,4653,96,0.00358010611465273,0.003240179484222548,4653,0.3084535879971875,0.27862719048543605,4653,0.00358010611465273,0.003240179484222548,0.7067226409913643,0.7243203910588959,4653,0.8944766817107243,0.5643670750053729
WD0,900,115200,24.758220502901352,validation,1248,24,0.9791871713609483,1.0204627045261205,1248,1.3671738101423145,1.4122257826166633,1248,0.9791871713609483,1.0204627045261205,0.6660051545754645,0.6787804677332444,1248,0.5544871794871795,0.31009615384615385
WD0,1000,128000,27.509133892112615,train,4653,96,0.003684225958576509,0.003329076309408785,4653,0.30619363280616624,0.2751702279678761,4653,0.003684225958576509,0.003329076309408785,0.7067226409913643,0.7243203910588959,4653,0.8927573608424673,0.5647969052224371
WD0,1000,128000,27.509133892112615,validation,1248,24,0.968707611368017,1.0079315051738538,1248,1.3563077377621329,1.3993649597029885,1248,0.968707611368017,1.0079315051738538,0.6660051545754645,0.6787804677332444,1248,0.561698717948718,0.29246794871794873
WD0,1100,140800,30.260047281323878,train,4653,96,0.0027643043266653337,0.0024893312659583374,4653,0.3060167706213255,0.2765649012627868,4653,0.0027643043266653337,0.0024893312659583374,0.7067226409913643,0.7243203910588959,4653,0.8974854932301741,0.5718891038039974
WD0,1100,140800,30.260047281323878,validation,1248,24,0.9703573976066563,1.0079341594022277,1248,1.355412949534706,1.3961610850701016,1248,0.9703573976066563,1.0079341594022277,0.6660051545754645,0.6787804677332444,1248,0.5536858974358975,0.31009615384615385
WD0,1200,153600,33.01096067053514,train,4653,96,0.0026674019778482813,0.002399024634530419,4653,0.3065843856517989,0.27745098111688793,4653,0.0026674019778482813,0.002399024634530419,0.7067226409913643,0.7243203910588959,4653,0.8959810874704491,0.5746830002149151
WD0,1200,153600,33.01096067053514,validation,1248,24,0.9757790840137687,1.0130994197132643,1248,1.3622503625629467,1.4029792775980157,1248,0.9757790840137687,1.0130994197132643,0.6660051545754645,0.6787804677332444,1248,0.5512820512820513,0.3060897435897436
WD0,1300,166400,35.7618740597464,train,4653,96,0.0022680538755870784,0.0020631981232851764,4653,0.3038351924428295,0.2761898091728797,4653,0.0022680538755870784,0.0020631981232851764,0.7067226409913643,0.7243203910588959,4653,0.8964109176875135,0.5772619815173007
WD0,1300,166400,35.7618740597464,validation,1248,24,0.9765955720545909,1.0153590583002228,1248,1.3626731662409397,1.405241072959299,1248,0.9765955720545909,1.0153590583002228,0.6660051545754645,0.6787804677332444,1248,0.5528846153846154,0.3189102564102564
WD0,1400,179200,38.51278744895766,train,4653,96,0.0021596812731262734,0.0019581103598589086,4653,0.29950449118329253,0.27078979706333756,4653,0.0021596812731262734,0.0019581103598589086,0.7067226409913643,0.7243203910588959,4653,0.8970556630131098,0.5789813023855577
WD0,1400,179200,38.51278744895766,validation,1248,24,0.9654094470584779,1.0059481655438394,1248,1.3525616847667759,1.3977247213238826,1248,0.9654094470584779,1.0059481655438394,0.6660051545754645,0.6787804677332444,1248,0.5560897435897436,0.3141025641025641
WD0,1500,192000,41.26370083816892,train,4653,96,0.0038388954370083064,0.0030984776866254393,4653,0.29834814011366817,0.27103666705510326,4653,0.0038388954370083064,0.0030984776866254393,0.7067226409913643,0.7243203910588959,4653,0.8992048140984311,0.5742531699978508
WD0,1500,192000,41.26370083816892,validation,1248,24,0.9548279783195107,0.986998928123129,1248,1.342373887785196,1.3792195618510108,1248,0.9548279783195107,0.986998928123129,0.6660051545754645,0.6787804677332444,1248,0.5520833333333334,0.3020833333333333
WD0,1600,204800,44.014614227380186,train,4653,96,0.0023419631280499204,0.0020780316926156898,4653,0.3099527399179818,0.28106767246055825,4653,0.0023419631280499204,0.0020780316926156898,0.7067226409913643,0.7243203910588959,4653,0.8916827852998066,0.5714592735869332
WD0,1600,204800,44.014614227380186,validation,1248,24,0.9788137482359659,1.019467964703089,1248,1.3689450451682197,1.4141523951235844,1248,0.9788137482359659,1.019467964703089,0.6660051545754645,0.6787804677332444,1248,0.5472756410256411,0.30528846153846156
WD0,1700,217600,46.76552761659145,train,4653,96,0.002223928036659418,0.0020047378753279286,4653,0.3063533795846622,0.2772648304425419,4653,0.002223928036659418,0.0020047378753279286,0.7067226409913643,0.7243203910588959,4653,0.8970556630131098,0.5770470664087686
WD0,1700,217600,46.76552761659145,validation,1248,24,0.9630895576689148,1.0020544209712665,1248,1.354821157191627,1.3969057910840224,1248,0.9630895576689148,1.0020544209712665,0.6660051545754645,0.6787804677332444,1248,0.5536858974358975,0.2956730769230769
WD0,1800,230400,49.516441005802704,train,4653,96,0.002200320263010224,0.00196167946710248,4653,0.3071057957899029,0.2778786042058525,4653,0.002200320263010224,0.00196167946710248,0.7067226409913643,0.7243203910588959,4653,0.8944766817107243,0.5746830002149151
WD0,1800,230400,49.516441005802704,validation,1248,24,0.9691004521127096,1.003332477750722,1248,1.359432228977996,1.3975761078893718,1248,0.9691004521127096,1.003332477750722,0.6660051545754645,0.6787804677332444,1248,0.5512820512820513,0.29407051282051283
WD0,1900,243200,52.26735439501397,train,4653,96,0.0019564510267950012,0.001717857204107166,4653,0.3069231588051769,0.27739216023726393,4653,0.0019564510267950012,0.001717857204107166,0.7067226409913643,0.7243203910588959,4653,0.8968407479045777,0.5736084246722545
WD0,1900,243200,52.26735439501397,validation,1248,24,0.9644134390364806,1.0012026467558541,1248,1.3570907808310313,1.397428648540016,1248,0.9644134390364806,1.0012026467558541,0.6660051545754645,0.6787804677332444,1248,0.5528846153846154,0.2988782051282051
WD0,2000,256000,55.01826778422523,train,4653,96,0.001974718748095081,0.0017817044923208183,4653,0.30586987745105326,0.2773138267203226,4653,0.001974718748095081,0.0017817044923208183,0.7067226409913643,0.7243203910588959,4653,0.8946915968192564,0.5770470664087686
WD0,2000,256000,55.01826778422523,validation,1248,24,0.9769877072288151,1.0095803963563228,1248,1.3721122639696703,1.4087492730167763,1248,0.9769877072288151,1.0095803963563228,0.6660051545754645,0.6787804677332444,1248,0.5432692307692307,0.2956730769230769
L2.01,0,0,0.0,train,4653,96,0.7196290941275504,0.737418315062487,4653,1.0136100653900926,1.01370187340846,4653,0.7196290941275504,0.737418315062487,0.7067226409913643,0.7243203910588959,4653,0.4951644100580271,0.0
L2.01,0,0,0.0,validation,1248,24,0.6774470608359806,0.6901755738627967,1248,1.0142154467524023,1.0141449882364257,1248,0.6774470608359806,0.6901755738627967,0.6660051545754645,0.6787804677332444,1248,0.4951923076923077,0.0
L2.01,100,12800,2.7509133892112616,train,4653,96,0.14648066377947522,0.13603586610548798,4653,0.36357472169676663,0.34439135562151124,4653,0.14648066377947522,0.13603586610548798,0.7067226409913643,0.7243203910588959,4653,0.8972705781216419,0.04986030517945412
L2.01,100,12800,2.7509133892112616,validation,1248,24,0.9691582159524015,0.9882944414142205,1248,1.3545358090845936,1.376821325662833,1248,0.9691582159524015,0.9882944414142205,0.6660051545754645,0.6787804677332444,1248,0.49759615384615385,0.07532051282051282
L2.01,200,25600,5.501826778422523,train,4653,96,0.05044533788899157,0.04671085246299469,4653,0.27827360958646036,0.25789369516974936,4653,0.05044533788899157,0.04671085246299469,0.7067226409913643,0.7243203910588959,4653,0.9073715882226521,0.17837954008166773
L2.01,200,25600,5.501826778422523,validation,1248,24,0.9840551010345959,1.021417768263219,1248,1.3638768466466111,1.4095088563136953,1248,0.9840551010345959,1.021417768263219,0.6660051545754645,0.6787804677332444,1248,0.5232371794871795,0.16346153846153846
L2.01,300,38400,8.252740167633785,train,4653,96,0.03480665517505018,0.031779723595057756,4653,0.27929362217602627,0.2552582277850605,4653,0.03480665517505018,0.031779723595057756,0.7067226409913643,0.7243203910588959,4653,0.9060820975714593,0.1751558134536858
L2.01,300,38400,8.252740167633785,validation,1248,24,0.9094221850770279,0.9541319549430375,1248,1.2787713549577795,1.3306170332481024,1248,0.9094221850770279,0.9541319549430375,0.6660051545754645,0.6787804677332444,1248,0.5536858974358975,0.12580128205128205
L2.01,400,51200,11.003653556845046,train,4653,96,0.027969843561782375,0.02575771411092771,4653,0.2803246503993005,0.259332522305168,4653,0.027969843561782375,0.02575771411092771,0.7067226409913643,0.7243203910588959,4653,0.9019987105093488,0.2011605415860735
L2.01,400,51200,11.003653556845046,validation,1248,24,0.9209374460968984,0.9554204832807622,1248,1.2900869265329657,1.3312363925679127,1248,0.9209374460968984,0.9554204832807622,0.6660051545754645,0.6787804677332444,1248,0.5440705128205128,0.10897435897435898
L2.01,500,64000,13.754566946056308,train,4653,96,0.023923207416623488,0.02233083001946999,4653,0.28261048245122444,0.25810000209735257,4653,0.023923207416623488,0.02233083001946999,0.7067226409913643,0.7243203910588959,4653,0.9047926069202665,0.23898560068772834
L2.01,500,64000,13.754566946056308,validation,1248,24,0.9067589398995992,0.9402327188740854,1248,1.2706741335074134,1.3104404872675488,1248,0.9067589398995992,0.9402327188740854,0.6660051545754645,0.6787804677332444,1248,0.5520833333333334,0.11858974358974358
L2.01,600,76800,16.50548033526757,train,4653,96,0.022894582247431832,0.021238351067319833,4653,0.28839165560255114,0.2638158916362449,4653,0.022894582247431832,0.021238351067319833,0.7067226409913643,0.7243203910588959,4653,0.8998495594240276,0.240060176230389
L2.01,600,76800,16.50548033526757,validation,1248,24,0.8766213186787141,0.9069666099784294,1248,1.2377542833285262,1.2713111838400262,1248,0.8766213186787141,0.9069666099784294,0.6660051545754645,0.6787804677332444,1248,0.5592948717948718,0.10336538461538461
L2.01,700,89600,19.25639372447883,train,4653,96,0.02287720383009062,0.02097806082392967,4653,0.2922808971485839,0.26729383338499124,4653,0.02287720383009062,0.02097806082392967,0.7067226409913643,0.7243203910588959,4653,0.9030732860520094,0.23984526112185686
L2.01,700,89600,19.25639372447883,validation,1248,24,0.8955550710472227,0.9182332485281514,1248,1.2516397252190694,1.2775601019287317,1248,0.8955550710472227,0.9182332485281514,0.6660051545754645,0.6787804677332444,1248,0.530448717948718,0.0921474358974359
L2.01,800,102400,22.007307113690093,train,4653,96,0.01991192052044272,0.018380591802207195,4653,0.2897621435855488,0.2652817731490925,4653,0.01991192052044272,0.018380591802207195,0.7067226409913643,0.7243203910588959,4653,0.8981302385557705,0.25123576187405977
L2.01,800,102400,22.007307113690093,validation,1248,24,0.8799000622238632,0.9023324357455845,1248,1.251338774468177,1.2746380745557706,1248,0.8799000622238632,0.9023324357455845,0.6660051545754645,0.6787804677332444,1248,0.5280448717948718,0.07612179487179487
L2.01,900,115200,24.758220502901352,train,4653,96,0.020778642825230575,0.019351225143598515,4653,0.2921089431761472,0.2662486834012737,4653,0.020778642825230575,0.019351225143598515,0.7067226409913643,0.7243203910588959,4653,0.9004943047496239,0.24457339350956372
L2.01,900,115200,24.758220502901352,validation,1248,24,0.8840606978171496,0.9105190939408819,1248,1.259825239604801,1.2877488535818995,1248,0.8840606978171496,0.9105190939408819,0.6660051545754645,0.6787804677332444,1248,0.5368589743589743,0.06169871794871795
L2.01,1000,128000,27.509133892112615,train,4653,96,0.019616966508915784,0.018370666275879077,4653,0.28578437306770943,0.26327573157891027,4653,0.019616966508915784,0.018370666275879077,0.7067226409913643,0.7243203910588959,4653,0.8961960025789814,0.24607779926928863
L2.01,1000,128000,27.509133892112615,validation,1248,24,0.8709602807147098,0.8895888931214904,1248,1.2430661762006106,1.2607018998154764,1248,0.8709602807147098,0.8895888931214904,0.6660051545754645,0.6787804677332444,1248,0.532051282051282,0.05128205128205128
L2.01,1100,140800,30.260047281323878,train,4653,96,0.019343571246207954,0.017978738747048393,4653,0.2944805379609194,0.26743722657558516,4653,0.019343571246207954,0.017978738747048393,0.7067226409913643,0.7243203910588959,4653,0.8979153234472383,0.2619815173006662
L2.01,1100,140800,30.260047281323878,validation,1248,24,0.8787987209561435,0.8986796921449609,1248,1.2382852526287234,1.260295428404482,1248,0.8787987209561435,0.8986796921449609,0.6660051545754645,0.6787804677332444,1248,0.530448717948718,0.06490384615384616
L2.01,1200,153600,33.01096067053514,train,4653,96,0.019342251731737058,0.01807167822766129,4653,0.29459104548100484,0.26968602741986275,4653,0.019342251731737058,0.01807167822766129,0.7067226409913643,0.7243203910588959,4653,0.8987749838813669,0.2514506769825919
L2.01,1200,153600,33.01096067053514,validation,1248,24,0.906880285287675,0.9253805871681734,1248,1.2593480282063434,1.280941509451189,1248,0.906880285287675,0.9253805871681734,0.6660051545754645,0.6787804677332444,1248,0.5272435897435898,0.0641025641025641
L2.01,1300,166400,35.7618740597464,train,4653,96,0.01858391262944458,0.01737491000529649,4653,0.2908475471838498,0.2658154339154852,4653,0.01858391262944458,0.01737491000529649,0.7067226409913643,0.7243203910588959,4653,0.8994197292069632,0.25359982806791315
L2.01,1300,166400,35.7618740597464,validation,1248,24,0.8893096365088852,0.9121884525411378,1248,1.2518062791218432,1.2764209728097107,1248,0.8893096365088852,0.9121884525411378,0.6660051545754645,0.6787804677332444,1248,0.5280448717948718,0.06330128205128205
L2.01,1400,179200,38.51278744895766,train,4653,96,0.019208576973295217,0.017782682411682734,4653,0.28720808545416343,0.26139250625780164,4653,0.019208576973295217,0.017782682411682734,0.7067226409913643,0.7243203910588959,4653,0.9032882011605415,0.2647754137115839
L2.01,1400,179200,38.51278744895766,validation,1248,24,0.867751514458621,0.8964413831709739,1248,1.2306805374229535,1.26260234056507,1248,0.867751514458621,0.8964413831709739,0.6660051545754645,0.6787804677332444,1248,0.5472756410256411,0.05128205128205128
L2.01,1500,192000,41.26370083816892,train,4653,96,0.021263580991078133,0.02010152918249787,4653,0.2754453258326574,0.2476413252409055,4653,0.021263580991078133,0.02010152918249787,0.7067226409913643,0.7243203910588959,4653,0.9097356544165055,0.26627981947130885
L2.01,1500,192000,41.26370083816892,validation,1248,24,0.8871482366877833,0.9114968822808623,1248,1.2565474561818264,1.2820783313958375,1248,0.8871482366877833,0.9114968822808623,0.6660051545754645,0.6787804677332444,1248,0.5200320512820513,0.07051282051282051
L2.01,1600,204800,44.014614227380186,train,4653,96,0.01813349272839479,0.016813331039034537,4653,0.2861826194686716,0.2610371083760557,4653,0.01813349272839479,0.016813331039034537,0.7067226409913643,0.7243203910588959,4653,0.9019987105093488,0.26305609284332687
L2.01,1600,204800,44.014614227380186,validation,1248,24,0.8768412193817017,0.9091630649433352,1248,1.2450616504716656,1.2794965503066529,1248,0.8768412193817017,0.9091630649433352,0.6660051545754645,0.6787804677332444,1248,0.5360576923076923,0.06490384615384616
L2.01,1700,217600,46.76552761659145,train,4653,96,0.020106892977463434,0.018619701184802582,4653,0.28703682773046507,0.2625343215020084,4653,0.020106892977463434,0.018619701184802582,0.7067226409913643,0.7243203910588959,4653,0.9032882011605415,0.2486567805716742
L2.01,1700,217600,46.76552761659145,validation,1248,24,0.8942675978977891,0.9198113164190417,1248,1.2675142817877698,1.2961029325098345,1248,0.8942675978977891,0.9198113164190417,0.6660051545754645,0.6787804677332444,1248,0.5056089743589743,0.057692307692307696
L2.01,1800,230400,49.516441005802704,train,4653,96,0.018703026910644887,0.017516950412149263,4653,0.2878733706275247,0.2605245387779848,4653,0.018703026910644887,0.017516950412149263,0.7067226409913643,0.7243203910588959,4653,0.9032882011605415,0.26004728132387706
L2.01,1800,230400,49.516441005802704,validation,1248,24,0.878638343913695,0.909970945434722,1248,1.2431542178498138,1.276964271376496,1248,0.878638343913695,0.909970945434722,0.6660051545754645,0.6787804677332444,1248,0.5416666666666666,0.06570512820512821
L2.01,1900,243200,52.26735439501397,train,4653,96,0.018154816136512427,0.017035574125516904,4653,0.2881556047525474,0.26250413233262887,4653,0.018154816136512427,0.017035574125516904,0.7067226409913643,0.7243203910588959,4653,0.9019987105093488,0.26627981947130885
L2.01,1900,243200,52.26735439501397,validation,1248,24,0.9193443026645206,0.9500288266205502,1248,1.292757676362153,1.325940471998704,1248,0.9193443026645206,0.9500288266205502,0.6660051545754645,0.6787804677332444,1248,0.5,0.06810897435897435
L2.01,2000,256000,55.01826778422523,train,4653,96,0.018164023359697266,0.016614357487393597,4653,0.287471465259687,0.25980125550117567,4653,0.018164023359697266,0.016614357487393597,0.7067226409913643,0.7243203910588959,4653,0.9028583709434773,0.2828282828282828
L2.01,2000,256000,55.01826778422523,validation,1248,24,0.9282048434827749,0.9578407420865113,1248,1.3024744766718053,1.3330149627215326,1248,0.9282048434827749,0.9578407420865113,0.6660051545754645,0.6787804677332444,1248,0.5112179487179487,0.07211538461538461
