step,train_samples_seen,train_epochs_equivalent,all_samples,elapsed_s,train_rootmean_game_equal_mse,train_z_game_equal_mse,train_z_sign_accuracy,train_saturation_fraction,validation_rootmean_game_equal_mse,validation_z_game_equal_mse,validation_z_sign_accuracy,validation_saturation_fraction
0,0,0.0,5901,0.9445998449809849,0.40594373734309414,0.6839172559487005,0.7393079733505266,0.07436062755211692,0.48514681311997876,0.8225350323496646,0.7107371794871795,0.017628205128205128
100,12800,2.7509133892112616,24602,1.110334000957664,0.11524589473161163,0.3439163114783779,0.8875993982376961,0.33139909735654416,0.7704238626198957,1.1311337818454388,0.5769230769230769,0.24919871794871795
200,25600,5.501826778422523,43303,1.2547457539476454,0.03781124038719325,0.2684605542006569,0.9050075220287986,0.5194498173221578,0.820790998426722,1.1841138656786667,0.5777243589743589,0.34935897435897434
300,38400,8.252740167633785,62004,1.3973037399700843,0.02245700346936892,0.278605599333682,0.8955512572533849,0.5531914893617021,0.8077771894342773,1.1602354645115962,0.5889423076923077,0.3453525641025641
400,51200,11.003653556845046,80705,1.5530405349563807,0.01733680067871605,0.27966987716374075,0.8974854932301741,0.559638942617666,0.8050886039959478,1.154779623298144,0.5913461538461539,0.34134615384615385
500,64000,13.754566946056308,99406,1.7056259739911184,0.014523673336125259,0.2791465183765063,0.895766172361917,0.564581990113905,0.8082520615348444,1.1580468412349763,0.594551282051282,0.35496794871794873
600,76800,16.50548033526757,118107,1.8507650709943846,0.01270145589954511,0.2854491396000917,0.8946915968192564,0.5703846980442725,0.8114650942120255,1.1588761570388828,0.5857371794871795,0.35336538461538464
700,89600,19.25639372447883,136808,1.9966021049767733,0.011648646508957314,0.28468499752585574,0.8944766817107243,0.5647969052224371,0.8044774627488502,1.1479609459670208,0.5873397435897436,0.3485576923076923
800,102400,22.007307113690093,155509,2.1378447659662925,0.01129479293569482,0.28714966287446947,0.8921126155168708,0.5650118203309693,0.8161866883871723,1.1631021087707232,0.5865384615384616,0.35496794871794873
900,115200,24.758220502901352,174210,2.290787100966554,0.010312244418708245,0.28383209857483155,0.8949065119277885,0.5647969052224371,0.7965074064691146,1.1391905146029468,0.5817307692307693,0.3501602564102564
1000,128000,27.509133892112615,192911,2.438188796979375,0.009370447508578723,0.2860719323582216,0.8944766817107243,0.5592091124006018,0.7947435945774792,1.1349053045413082,0.5873397435897436,0.35657051282051283
1100,140800,30.260047281323878,211612,2.6473395969951525,0.0091470058263698,0.29255952183022155,0.8916827852998066,0.5600687728347303,0.798797487363533,1.1362953679690004,0.5809294871794872,0.35336538461538464
1200,153600,33.01096067053514,230313,2.809787088946905,0.009696116785436236,0.29140971922244746,0.8927573608424673,0.5654416505480335,0.8014299391828063,1.1369169903651517,0.5809294871794872,0.34375
1300,166400,35.7618740597464,249014,2.9581340439617634,0.00822249931360013,0.2880909594971053,0.8944766817107243,0.5656565656565656,0.7966907110830362,1.1351463414432332,0.5737179487179487,0.359775641025641
1400,179200,38.51278744895766,267715,3.1008516289875843,0.007958593948171729,0.28847592173812686,0.8918977004083387,0.5641521598968408,0.7918080571265304,1.1243183801092016,0.5785256410256411,0.35496794871794873
1500,192000,41.26370083816892,286416,3.2483997179660946,0.007951785335128182,0.2862659838176757,0.8931871910595315,0.5643670750053729,0.7752202739913147,1.1097582926930818,0.5817307692307693,0.35657051282051283
1600,204800,44.014614227380186,305117,3.4759266259497963,0.00798589806981609,0.29078338485184513,0.8916827852998066,0.5624328390285838,0.771716904847704,1.1074488798851934,0.5833333333333334,0.35176282051282054
1700,217600,46.76552761659145,323818,3.635603464965243,0.008035080752853953,0.28700285764728894,0.892542445733935,0.5665162260906942,0.7713717244553727,1.1037165132147384,0.5889423076923077,0.35657051282051283
1800,230400,49.516441005802704,342519,3.789454134996049,0.007917235607475044,0.28794834549038234,0.8949065119277885,0.5652267354395014,0.7631957353589053,1.0944939662325777,0.5921474358974359,0.33653846153846156
1900,243200,52.26735439501397,361220,3.935076894995291,0.007755621130321605,0.284668338929637,0.8955512572533849,0.5675908016333548,0.7644123818921993,1.0990026099563432,0.59375,0.3389423076923077
2000,256000,55.01826778422523,379921,4.084462498954963,0.00743702878908115,0.2894469381039561,0.8936170212765957,0.5615731785944552,0.7594577528498482,1.0995041577506985,0.5905448717948718,0.3453525641025641
