step,train_samples_seen,train_epochs_equivalent,all_samples,elapsed_s,train_rootmean_mse,train_rootmean_game_equal_mse,train_z_mse,train_z_game_equal_mse,train_z_sign_accuracy,train_saturation_fraction,train_constant_game_equal_mse,validation_rootmean_mse,validation_rootmean_game_equal_mse,validation_z_mse,validation_z_game_equal_mse,validation_z_sign_accuracy,validation_saturation_fraction,validation_constant_game_equal_mse
0,0,0.0,5901,0.9886720619979315,0.41391012236849245,0.40594373734309414,0.7204985326926413,0.6839172559487005,0.7393079733505266,0.07436062755211692,0.7243203910588959,0.4893138665385533,0.48514681311997876,0.8436015122109984,0.8225350323496646,0.7107371794871795,0.017628205128205128,0.6787804677332444
100,12800,2.7509133892112616,24602,1.1991061119479127,0.4128861685051939,0.4048753735403146,0.7193477126692813,0.6828023082759862,0.7393079733505266,0.07436062755211692,0.7243203910588959,0.4891332939238775,0.4849995593414067,0.8438300237605352,0.8226889852773395,0.7107371794871795,0.017628205128205128,0.6787804677332444
200,25600,5.501826778422523,43303,1.3195591419935226,0.4117206672693991,0.40370842094803105,0.7180200816404317,0.6816176400102494,0.7393079733505266,0.07607994842037395,0.7243203910588959,0.4887563404847236,0.4846047193500655,0.8433568607037313,0.8220778444970355,0.7107371794871795,0.024839743589743588,0.6787804677332444
300,38400,8.252740167633785,62004,1.441271194955334,0.41086607649296414,0.4027600689565982,0.7170159381751727,0.6806215580330409,0.7393079733505266,0.07457554266064904,0.7243203910588959,0.4883228278631162,0.48415793270384916,0.8433618291591508,0.8218926991658911,0.7107371794871795,0.020833333333333332,0.6787804677332444
400,51200,11.003653556845046,80705,1.5503270989865996,0.4097823817743963,0.4016640061322468,0.7159304634592468,0.6796346826221052,0.7412422093273157,0.07586503331184183,0.7243203910588959,0.48817220312671733,0.4839853749786774,0.8431362854459468,0.821552212050639,0.7115384615384616,0.026442307692307692,0.6787804677332444
500,64000,13.754566946056308,99406,1.6643372159451246,0.4089364040283137,0.40081008824379577,0.7150593792786436,0.6788577310795998,0.7429615301955728,0.07758435418009886,0.7243203910588959,0.4881090560517359,0.4839868974021663,0.8431864525659609,0.8215954927308028,0.7131410256410257,0.026442307692307692,0.6787804677332444
600,76800,16.50548033526757,118107,1.7832943229586817,0.4082639989967142,0.400071557736387,0.7142468217427073,0.6780374545770248,0.7425316999785085,0.07650977863743821,0.7243203910588959,0.4879916192301799,0.48388663696642414,0.8435079276969122,0.8218480576976698,0.7115384615384616,0.022435897435897436,0.6787804677332444
700,89600,19.25639372447883,136808,1.8976316989865154,0.40757697639577734,0.39940192768103583,0.7135055655516899,0.6774068356199702,0.7431764453041049,0.07822909950569525,0.7243203910588959,0.4882284711665626,0.4840897544176199,0.8436275128328534,0.8218439910103852,0.7147435897435898,0.027243589743589744,0.6787804677332444
800,102400,22.007307113690093,155509,2.0205044799949974,0.4067858242089584,0.3985426394088194,0.712525583680752,0.676433570007648,0.7438211906297013,0.07779926928863098,0.7243203910588959,0.4881646414091379,0.48401405165321726,0.8439360362629776,0.8220352355192286,0.7131410256410257,0.028044871794871796,0.6787804677332444
900,115200,24.758220502901352,174210,2.132193613972049,0.40612532274601104,0.39785297310766593,0.711812697216855,0.675768724100421,0.7451106812808941,0.07822909950569525,0.7243203910588959,0.4881975298064666,0.4840606243398598,0.8441577458653965,0.8221917781622428,0.7115384615384616,0.029647435897435896,0.6787804677332444
1000,128000,27.509133892112615,192911,2.2483862139633857,0.40556001834888145,0.3972443423581517,0.7111644389109135,0.6751682781454243,0.7464001719320869,0.07779926928863098,0.7243203910588959,0.4883164423943231,0.48417075462030573,0.8445147906704015,0.8224418067508964,0.7107371794871795,0.029647435897435896,0.6787804677332444
1100,140800,30.260047281323878,211612,2.3652935789432377,0.4049656465280185,0.3966600613125495,0.7105318234492007,0.6746250961321388,0.7479045776918117,0.07865892972275951,0.7243203910588959,0.48858678698284974,0.48441031473688323,0.8447854847564398,0.8226023058541064,0.7131410256410257,0.028044871794871796,0.6787804677332444
1200,153600,33.01096067053514,230313,2.478334447951056,0.40451986150008634,0.39623385856909804,0.7100295710871234,0.6741939985730966,0.7509133892112616,0.07865892972275951,0.7243203910588959,0.4892832162142896,0.48506467135560594,0.8455503464553848,0.8232758264311535,0.7075320512820513,0.027243589743589744,0.6787804677332444
1300,166400,35.7618740597464,249014,2.594933714950457,0.4043848100027706,0.39611206854423703,0.709837936071353,0.6741057268182596,0.7515581345368579,0.07865892972275951,0.7243203910588959,0.49022925093865594,0.486050120735432,0.8464858334550135,0.8242027383090987,0.7051282051282052,0.028044871794871796,0.6787804677332444
1400,179200,38.51278744895766,267715,2.714604466978926,0.40355994609616447,0.3952138727348442,0.7088292540853971,0.6730856546686353,0.7524177949709865,0.07865892972275951,0.7243203910588959,0.48924961606822664,0.4849987646596355,0.8457582396853058,0.8232975375671793,0.7091346153846154,0.027243589743589744,0.6787804677332444
1500,192000,41.26370083816892,286416,2.823577448958531,0.4030942391962082,0.3946864275113568,0.7082167724742199,0.6724705454646043,0.7502686438856652,0.07736943907156674,0.7243203910588959,0.4891618116197863,0.4848339350224109,0.8458642577817238,0.8232361743964541,0.7107371794871795,0.026442307692307692,0.6787804677332444
1600,204800,44.014614227380186,305117,3.022247240995057,0.4028304784038101,0.39435807366646264,0.707802799838801,0.6720298480011891,0.7487642381259403,0.07736943907156674,0.7243203910588959,0.4891243726023161,0.4847272291975604,0.8459344835338115,0.8231606788788574,0.7099358974358975,0.028044871794871796,0.6787804677332444
1700,217600,46.76552761659145,323818,3.1442568709608167,0.40234486454531654,0.3938945905903812,0.7072436929453084,0.6715592882731595,0.7519879647539222,0.07844401461422738,0.7243203910588959,0.4897738048753202,0.4853548842774204,0.8466273344816011,0.8237621784124861,0.7075320512820513,0.026442307692307692,0.6787804677332444
1800,230400,49.516441005802704,342519,3.2564188659889624,0.4019971473715921,0.39354981254369276,0.7068303608298131,0.671192856855401,0.7522028798624544,0.07822909950569525,0.7243203910588959,0.48997159218337016,0.48554610999087483,0.8469409399040342,0.8240296974149733,0.7083333333333334,0.026442307692307692,0.6787804677332444
1900,243200,52.26735439501397,361220,3.3703242209739983,0.4017237036709781,0.39325332414673575,0.706505163221381,0.670896543727797,0.7524177949709865,0.07844401461422738,0.7243203910588959,0.4901191389790838,0.4856765526726452,0.8471080488285031,0.8241096685033179,0.7059294871794872,0.027243589743589744,0.6787804677332444
2000,256000,55.01826778422523,379921,3.489900560991373,0.4015222478699894,0.3930054161750392,0.7062121745569718,0.6705780638346835,0.7506984741027294,0.07801418439716312,0.7243203910588959,0.4903195815540695,0.48580917005359203,0.8476396118525986,0.8245354363566973,0.7107371794871795,0.029647435897435896,0.6787804677332444
