step,old_validation_gameMSE,standardized_validation_gameMSE,delta,train_gameMSE,all_samples,train_seen,epochs,elapsed_s,val_z_gameMSE,val_z_sign_accuracy,val_saturation
0,0.6901755738627967,0.6901755739206464,5.7849725010328257e-11,0.7374183148786417,5901,0,0.0,0.9027668060152791,1.0141449881209026,0.4951923076923077,0.0
1,0.6898847854683682,0.6897735534349847,-0.00011123203338347931,0.7367884603765192,11930,128,0.027509133892112615,0.9908611939754337,1.0137234703571119,0.4951923076923077,0.0
2,0.6895874136901233,0.689364872110387,-0.00022254157973633504,0.7361412761111003,17959,256,0.05501826778422523,1.0339278699830174,1.0133055074010653,0.4951923076923077,0.0
5,0.6886433129396706,0.6880781907922495,-0.0005651221474211043,0.7342110198876989,24244,640,0.13754566946056307,1.0777300719637424,1.0119866297745304,0.4951923076923077,0.0
10,0.687475573276023,0.6863339105274169,-0.0011416627486061648,0.7313838687108806,30785,1280,0.27509133892112614,1.221619763004128,1.0102333076307286,0.4951923076923077,0.0
20,0.6860022374275525,0.6837030149918136,-0.002299222435738879,0.7265201467645971,37966,2560,0.5501826778422523,1.2740599800017662,1.0076470079169546,0.4951923076923077,0.0
50,0.6813486484639736,0.675383026280608,-0.005965622183365604,0.7109607060404918,47707,6400,1.3754566946056308,1.346102727984544,0.9992670648808611,0.4863782051282051,0.0
100,0.6770578240003715,0.662975805429976,-0.014082018570395483,0.6811025922157777,60008,12800,2.7509133892112616,1.4394143359968439,0.9877087001709587,0.5873397435897436,0.0
200,0.659847319505419,0.6139164435565568,-0.04593087594886214,0.5485668558505573,78709,25600,5.501826778422523,1.589888182003051,0.9456283894770868,0.6193910256410257,0.0
400,0.7196768814218523,0.6487715053247433,-0.07090537609710901,0.2572832049822598,110210,51200,11.003653556845046,1.8461481499834917,1.003295824816012,0.5488782051282052,0.0
