step,attenuated_validation_gameMSE,standardized_validation_gameMSE,raw_validation_gameMSE,delta_vs211,train_gameMSE,val_z_gameMSE,val_z_sign_accuracy,val_saturation,all_samples,train_seen,epochs,elapsed_s
0,0.6901755739206464,0.6901755739206464,0.6901755738627967,0.0,0.7374183148786417,1.0141449881209026,0.4951923076923077,0.0,5901,0,0.0,0.8882338849944063
1,0.6898838075005435,0.6897735534349847,0.6898847854683682,0.00011025406555875694,0.7369650963134222,1.0138290836827482,0.4951923076923077,0.0,11930,128,0.027509133892112615,0.9580015229876153
2,0.6895850188177097,0.689364872110387,0.6895874136901233,0.00022014670732273256,0.7364931057909095,1.0135165297011677,0.4951923076923077,0.0,17959,256,0.05501826778422523,1.0017536039813422
5,0.6886352346944364,0.6880781907922495,0.6886433129396706,0.0005570439021869156,0.7350984907431796,1.012522852374333,0.4951923076923077,0.0,24244,640,0.13754566946056307,1.0489945280132815
10,0.6874580420862629,0.6863339105274169,0.687475573276023,0.0011241315588460532,0.73315808322275,1.011319892354548,0.4951923076923077,0.0,30785,1280,0.27509133892112614,1.1013304539956152
20,0.6859694078743989,0.6837030149918136,0.6860022374275525,0.002266392882585233,0.7300876421596617,1.009845236675177,0.4951923076923077,0.0,37966,2560,0.5501826778422523,1.1563359419815242
50,0.6812668035481536,0.675383026280608,0.6813486484639736,0.005883777267545631,0.7201622735735382,1.0049713421195199,0.47836538461538464,0.0,47707,6400,1.3754566946056308,1.2354852029820904
100,0.6768879722507545,0.662975805429976,0.6770578240003715,0.013912166820778449,0.7032351610560833,1.001003149231993,0.5176282051282052,0.0,60008,12800,2.7509133892112616,1.3348537959973328
200,0.6593288242421362,0.6139164435565568,0.659847319505419,0.0454123806855794,0.6198396696670401,0.9874485127177722,0.5392628205128205,0.0,78709,25600,5.501826778422523,1.500271005963441
400,0.7190460650650708,0.6487715053247433,0.7196768814218523,0.07027455974032759,0.31750146640027305,1.0715919299552874,0.53125,0.0,110210,51200,11.003653556845046,1.7816555610042997
