condition,step,samples_seen,epoch,all_samples,wall_s,train_rootmean_mse,train_rootmean_game_equal_mse,train_z_mse,train_z_game_equal_mse,train_z_sign_accuracy,train_saturation_fraction,train_constant_game_equal_mse,validation_rootmean_mse,validation_rootmean_game_equal_mse,validation_z_mse,validation_z_game_equal_mse,validation_z_sign_accuracy,validation_saturation_fraction,validation_constant_game_equal_mse
lr1e-3,0,0,0.0,5901,1.3662076159962453,0.7196290941275504,0.737418315062487,1.0136100653900926,1.01370187340846,0.4951644100580271,0.0,0.7243203910588959,0.6774470608359806,0.6901755738627967,1.0142154467524023,1.0141449882364257,0.4951923076923077,0.0,0.6787804677332444
lr1e-3,1,128,0.027509133892112615,11930,1.561985131003894,0.7154134283994021,0.7330972904184551,1.0092113762958101,1.009193299195262,0.494949494949495,0.0,0.7243203910588959,0.6747335333346561,0.6873891023963424,1.0112139779418432,1.0111007441875723,0.4951923076923077,0.0,0.6787804677332444
lr1e-3,2,256,0.05501826778422523,17959,1.606810636993032,0.711458486359851,0.7290231819205407,1.005103282539054,1.0049747533385187,0.49215559853857727,0.0,0.7243203910588959,0.6724869172658017,0.6850677160198712,1.0087769266761417,1.0086113861109216,0.4951923076923077,0.0,0.6787804677332444
lr1e-3,5,640,0.13754566946056307,24244,1.6534694680012763,0.7023774370205146,0.7195558745031517,0.9955416368364511,0.9950617575580915,0.5295508274231678,0.0,0.7243203910588959,0.6680249603074143,0.6803827926612639,1.0037305621083583,1.0034381871984879,0.47115384615384615,0.0,0.6787804677332444
lr1e-3,10,1280,0.27509133892112614,30785,1.70267035899451,0.6929135747819716,0.7093581723609418,0.9853884045310285,0.9841660793102404,0.5865033311841823,0.0,0.7243203910588959,0.6670457649546415,0.6793539374427167,1.0032123091117513,1.002834895919529,0.5080128205128205,0.0,0.6787804677332444
lr1e-3,20,2560,0.5501826778422523,37966,1.7588448000024073,0.6630858136683139,0.6774577580936455,0.9541876558254168,0.9510373278561072,0.7158822265205244,0.0,0.7243203910588959,0.6643535877409918,0.6765819429007335,1.0038352676924684,1.0028629753310827,0.4935897435897436,0.0,0.6787804677332444
lr1e-3,50,6400,1.3754566946056308,47707,1.8384681179886684,0.37457945290871253,0.3639957130864983,0.6467262240722779,0.6223140505955126,0.7734794756071351,0.0,0.7243203910588959,0.7015960887108569,0.7115249746268552,1.062224757228534,1.0550990659243855,0.5392628205128205,0.0,0.6787804677332444
lr1e-3,100,12800,2.7509133892112616,60008,1.9352047109859996,0.11044716075977185,0.10135161315270268,0.32235228614716005,0.30117874429339503,0.902213625617881,0.13754566946056307,0.7243203910588959,0.9869696636551978,1.006805151442156,1.3771149103470184,1.3993503235592497,0.5088141025641025,0.1233974358974359,0.6787804677332444
lr1e-3,200,25600,5.501826778422523,78709,2.1133880520355888,0.03439140398757646,0.030859068849989568,0.27501166579445374,0.2512658258936349,0.9060820975714593,0.375886524822695,0.7243203910588959,1.0138740441225935,1.04993632197856,1.3991875391546158,1.4414728068192895,0.5328525641025641,0.25,0.6787804677332444
lr1e-3,400,51200,11.003653556845046,110210,2.3879107289831154,0.011206675496118463,0.010014408584871815,0.29304510436768627,0.26637702733152474,0.8951214270363207,0.5155813453685794,0.7243203910588959,0.9918415764701829,1.0374466698803413,1.3813399313809134,1.431982193238518,0.5568910256410257,0.2932692307692308,0.6787804677332444
lr1e-4,0,0,0.0,5901,0.8872597069712356,0.7196290941275504,0.737418315062487,1.0136100653900926,1.01370187340846,0.4951644100580271,0.0,0.7243203910588959,0.6774470608359806,0.6901755738627967,1.0142154467524023,1.0141449882364257,0.4951923076923077,0.0,0.6787804677332444
lr1e-4,1,128,0.027509133892112615,11930,0.9499803790240549,0.7191886045209527,0.7369669212946359,1.013151768902498,1.0132321390488486,0.4951644100580271,0.0,0.7243203910588959,0.6771630804888263,0.6898847854683682,1.013904796186037,1.0138298721349044,0.4951923076923077,0.0,0.6787804677332444
lr1e-4,2,256,0.05501826778422523,17959,0.9944214280112647,0.7187329609896042,0.736498495489253,1.0126808481398417,1.0127487799209356,0.4951644100580271,0.0,0.7243203910588959,0.6768717239420082,0.6895874136901233,1.013598619332126,1.0135184339635888,0.4951923076923077,0.0,0.6787804677332444
lr1e-4,5,640,0.13754566946056307,24244,1.0384273320087232,0.7173904045185492,0.7351153512702223,1.0112980077077927,1.0113282688220433,0.4951644100580271,0.0,0.7243203910588959,0.6759548496567905,0.6886433129396706,1.0126319434445599,1.0125298015285928,0.4951923076923077,0.0,0.6787804677332444
lr1e-4,10,1280,0.27509133892112614,30785,1.0839314910117537,0.7155321947359793,0.7331862767314726,1.0093902606550704,1.0093506024898091,0.494949494949495,0.0,0.7243203910588959,0.6748252993969074,0.687475573276023,1.011469948563357,1.0113368512811431,0.4951923076923077,0.0,0.6787804677332444
lr1e-4,20,2560,0.5501826778422523,37966,1.1349704380263574,0.7126254760379809,0.7301303120548083,1.0063773599254204,1.00619547645753,0.494949494949495,0.0,0.7243203910588959,0.6734272190702957,0.6860022374275525,1.0100950462402052,1.0098789907954744,0.4951923076923077,0.0,0.6787804677332444
lr1e-4,50,6400,1.3754566946056308,47707,1.2071555649745278,0.7032121912916952,0.720251277382102,0.9965571254214589,0.9959618612415843,0.5102084676552762,0.0,0.7243203910588959,0.6689289058428738,0.6813486484639736,1.0054386646588036,1.0050568947082819,0.47676282051282054,0.0,0.6787804677332444
lr1e-4,100,12800,2.7509133892112616,60008,1.3049941969802603,0.6874403829890848,0.7034293745706676,0.9798860382639555,0.9783718470515296,0.6112185686653772,0.0,0.7243203910588959,0.6647229018139303,0.6770578240003715,1.0018920747167346,1.001188298403518,0.5168269230769231,0.0,0.6787804677332444
lr1e-4,200,25600,5.501826778422523,78709,1.4513850809889846,0.6104744941296808,0.6205573459396171,0.9003023049893005,0.8936894629589746,0.731785944551902,0.0,0.7243203910588959,0.6477449212623484,0.659847319505419,0.9903416844527149,0.987922848515641,0.5400641025641025,0.0,0.6787804677332444
lr1e-4,400,51200,11.003653556845046,110210,1.7023899300256744,0.33110149161724206,0.31832485586489806,0.5989272746062412,0.5741725318973566,0.8007736943907157,0.0,0.7243203910588959,0.7104626169529757,0.7196768814218523,1.0765064727461238,1.0721092819757823,0.5328525641025641,0.0,0.6787804677332444
lr1e-5,0,0,0.0,5901,0.8770322140189819,0.7196290941275504,0.737418315062487,1.0136100653900926,1.01370187340846,0.4951644100580271,0.0,0.7243203910588959,0.6774470608359806,0.6901755738627967,1.0142154467524023,1.0141449882364257,0.4951923076923077,0.0,0.6787804677332444
lr1e-5,1,128,0.027509133892112615,11930,1.0081144280266017,0.7195849551024487,0.7373730854932804,1.0135641696184463,1.0136548293054763,0.4951644100580271,0.0,0.7243203910588959,0.6774185251117057,0.6901463306090126,1.0141842374967698,1.0141133039873347,0.4951923076923077,0.0,0.6787804677332444
lr1e-5,2,256,0.05501826778422523,17959,1.052387087023817,0.7195388082225807,0.7373256520695941,1.0135165709544405,1.0136059819881111,0.4951644100580271,0.0,0.7243203910588959,0.677388921054838,0.6901160688013296,1.0141531193052609,1.0140815741408864,0.4951923076923077,0.0,0.6787804677332444
lr1e-5,5,640,0.13754566946056307,24244,1.0984588070423342,0.719399954235282,0.7371826381212641,1.013373931252111,1.0134594755577757,0.4951644100580271,0.0,0.7243203910588959,0.6772934208779955,0.6900179094300763,1.0140524898342602,1.0139787246248926,0.4951923076923077,0.0,0.6787804677332444
lr1e-5,10,1280,0.27509133892112614,30785,1.1504524730262347,0.7191996684432307,0.7369751423248303,1.0131687708696409,1.0132471437631245,0.4951644100580271,0.0,0.7243203910588959,0.6771670919911676,0.6898878497146935,1.0139224526920252,1.0138454404679855,0.4951923076923077,0.0,0.6787804677332444
lr1e-5,20,2560,0.5501826778422523,37966,1.2046455240342766,0.7188687892728736,0.7366288311035399,1.0128270815862004,1.0128908891696438,0.4951644100580271,0.0,0.7243203910588959,0.6769898677187576,0.6897029616078125,1.0137457287476106,1.0136601532899034,0.4951923076923077,0.0,0.6787804677332444
lr1e-5,50,6400,1.3754566946056308,47707,1.2817058560322039,0.7177177443064016,0.7354332403157966,1.0116391997340017,1.0116632536004482,0.4951644100580271,0.0,0.7243203910588959,0.6762716851097565,0.6889651235610036,1.013006796315527,1.0128996976168476,0.4951923076923077,0.0,0.6787804677332444
lr1e-5,100,12800,2.7509133892112616,60008,1.3731006050365977,0.7159399761479192,0.7335819424879729,1.0097932965608558,1.009753964530334,0.494949494949495,0.0,0.7243203910588959,0.6751789452754287,0.687846016419407,1.0118837159845628,1.0117445464816408,0.4951923076923077,0.0,0.6787804677332444
lr1e-5,200,25600,5.501826778422523,78709,1.5179419160122052,0.7127445448374374,0.7302282670487319,1.006479951504401,1.0062998305607465,0.494949494949495,0.0,0.7243203910588959,0.6733517917171249,0.6859550481718052,1.010014601917836,1.0098010861217335,0.4951923076923077,0.0,0.6787804677332444
lr1e-5,400,51200,11.003653556845046,110210,1.7892882830346934,0.7064190028014864,0.7235576496178192,0.9999060918249051,0.9994306665798437,0.4947345798409628,0.0,0.7243203910588959,0.6701565105220576,0.6826405857350277,1.0067769599299534,1.0064295216365722,0.49439102564102566,0.0,0.6787804677332444
